[{
  "_id": {
    "$oid": "65c22956f0edda6186fd258b"
  },
  "bookName": "new book1",
  "description": "tseting a new book",
  "createdOn": {
    "$date": "2024-02-06T12:43:02.888Z"
  },
  "__v": 0
},
{
  "_id": {
    "$oid": "65c2295ef0edda6186fd258d"
  },
  "bookName": "new book2",
  "description": "tseting a new book",
  "createdOn": {
    "$date": "2024-02-06T12:43:10.286Z"
  },
  "__v": 0
},
{
  "_id": {
    "$oid": "65c22964f0edda6186fd258f"
  },
  "bookName": "new book3",
  "description": "tseting a new book",
  "createdOn": {
    "$date": "2024-02-06T12:43:16.224Z"
  },
  "__v": 0
},
{
  "_id": {
    "$oid": "65c22968f0edda6186fd2591"
  },
  "bookName": "new book4",
  "description": "tseting a new book",
  "createdOn": {
    "$date": "2024-02-06T12:43:20.552Z"
  },
  "__v": 0
},
{
  "_id": {
    "$oid": "65c2296ff0edda6186fd2593"
  },
  "bookName": "new book5",
  "description": "testing a new book",
  "createdOn": {
    "$date": "2024-02-06T12:43:27.744Z"
  },
  "__v": 0
},
{
  "_id": {
    "$oid": "65c22974f0edda6186fd2595"
  },
  "bookName": "new book6",
  "description": "testing a new book",
  "createdOn": {
    "$date": "2024-02-06T12:43:32.266Z"
  },
  "__v": 0
},
{
  "_id": {
    "$oid": "65c22978f0edda6186fd2597"
  },
  "bookName": "new book10",
  "description": "testing a new book",
  "createdOn": {
    "$date": "2024-02-06T12:43:36.977Z"
  },
  "__v": 0
},
{
  "_id": {
    "$oid": "65c229e3f0edda6186fd2599"
  },
  "bookName": "new book10",
  "description": "testing a new book",
  "createdOn": {
    "$date": "2024-02-06T12:45:23.370Z"
  },
  "__v": 0
},
{
  "_id": {
    "$oid": "65c229e3f0edda6186fd259b"
  },
  "bookName": "new book10",
  "description": "testing a new book",
  "createdOn": {
    "$date": "2024-02-06T12:45:23.500Z"
  },
  "__v": 0
},
{
  "_id": {
    "$oid": "65c229e3f0edda6186fd259d"
  },
  "bookName": "new book10",
  "description": "testing a new book",
  "createdOn": {
    "$date": "2024-02-06T12:45:23.703Z"
  },
  "__v": 0
},
{
  "_id": {
    "$oid": "65c229e3f0edda6186fd259f"
  },
  "bookName": "new book10",
  "description": "testing a new book",
  "createdOn": {
    "$date": "2024-02-06T12:45:23.825Z"
  },
  "__v": 0
},
{
  "_id": {
    "$oid": "65c229e3f0edda6186fd25a1"
  },
  "bookName": "new book10",
  "description": "testing a new book",
  "createdOn": {
    "$date": "2024-02-06T12:45:23.963Z"
  },
  "__v": 0
},
{
  "_id": {
    "$oid": "65c229e4f0edda6186fd25a3"
  },
  "bookName": "new book10",
  "description": "testing a new book",
  "createdOn": {
    "$date": "2024-02-06T12:45:24.179Z"
  },
  "__v": 0
},
{
  "_id": {
    "$oid": "65c229e4f0edda6186fd25a5"
  },
  "bookName": "new book10",
  "description": "testing a new book",
  "createdOn": {
    "$date": "2024-02-06T12:45:24.315Z"
  },
  "__v": 0
},
{
  "_id": {
    "$oid": "65c229e4f0edda6186fd25a7"
  },
  "bookName": "new book10",
  "description": "testing a new book",
  "createdOn": {
    "$date": "2024-02-06T12:45:24.463Z"
  },
  "__v": 0
},
{
  "_id": {
    "$oid": "65c229e4f0edda6186fd25a9"
  },
  "bookName": "new book10",
  "description": "testing a new book",
  "createdOn": {
    "$date": "2024-02-06T12:45:24.654Z"
  },
  "__v": 0
},
{
  "_id": {
    "$oid": "65c229e4f0edda6186fd25ab"
  },
  "bookName": "new book10",
  "description": "testing a new book",
  "createdOn": {
    "$date": "2024-02-06T12:45:24.804Z"
  },
  "__v": 0
},
{
  "_id": {
    "$oid": "65c229e4f0edda6186fd25ad"
  },
  "bookName": "new book10",
  "description": "testing a new book",
  "createdOn": {
    "$date": "2024-02-06T12:45:24.957Z"
  },
  "__v": 0
},
{
  "_id": {
    "$oid": "65c229e5f0edda6186fd25af"
  },
  "bookName": "new book10",
  "description": "testing a new book",
  "createdOn": {
    "$date": "2024-02-06T12:45:25.135Z"
  },
  "__v": 0
},
{
  "_id": {
    "$oid": "65c229e5f0edda6186fd25b1"
  },
  "bookName": "new book10",
  "description": "testing a new book",
  "createdOn": {
    "$date": "2024-02-06T12:45:25.309Z"
  },
  "__v": 0
},
{
  "_id": {
    "$oid": "65c229e5f0edda6186fd25b3"
  },
  "bookName": "new book10",
  "description": "testing a new book",
  "createdOn": {
    "$date": "2024-02-06T12:45:25.449Z"
  },
  "__v": 0
},
{
  "_id": {
    "$oid": "65c229e5f0edda6186fd25b5"
  },
  "bookName": "new book10",
  "description": "testing a new book",
  "createdOn": {
    "$date": "2024-02-06T12:45:25.611Z"
  },
  "__v": 0
},
{
  "_id": {
    "$oid": "65c229e5f0edda6186fd25b7"
  },
  "bookName": "new book10",
  "description": "testing a new book",
  "createdOn": {
    "$date": "2024-02-06T12:45:25.775Z"
  },
  "__v": 0
},
{
  "_id": {
    "$oid": "65c229e5f0edda6186fd25b9"
  },
  "bookName": "new book10",
  "description": "testing a new book",
  "createdOn": {
    "$date": "2024-02-06T12:45:25.939Z"
  },
  "__v": 0
},
{
  "_id": {
    "$oid": "65c229e6f0edda6186fd25bb"
  },
  "bookName": "new book10",
  "description": "testing a new book",
  "createdOn": {
    "$date": "2024-02-06T12:45:26.100Z"
  },
  "__v": 0
},
{
  "_id": {
    "$oid": "65c229e6f0edda6186fd25bd"
  },
  "bookName": "new book10",
  "description": "testing a new book",
  "createdOn": {
    "$date": "2024-02-06T12:45:26.235Z"
  },
  "__v": 0
},
{
  "_id": {
    "$oid": "65c22be722e354e8cfe9f28c"
  },
  "bookName": "new book10",
  "description": "testing a new book",
  "createdOn": {
    "$date": "2024-02-06T12:53:59.900Z"
  },
  "__v": 0
},
{
  "_id": {
    "$oid": "65c22be822e354e8cfe9f28e"
  },
  "bookName": "new book10",
  "description": "testing a new book",
  "createdOn": {
    "$date": "2024-02-06T12:54:00.091Z"
  },
  "__v": 0
},
{
  "_id": {
    "$oid": "65c22be822e354e8cfe9f290"
  },
  "bookName": "new book10",
  "description": "testing a new book",
  "createdOn": {
    "$date": "2024-02-06T12:54:00.562Z"
  },
  "__v": 0
},
{
  "_id": {
    "$oid": "65c22be822e354e8cfe9f292"
  },
  "bookName": "new book10",
  "description": "testing a new book",
  "createdOn": {
    "$date": "2024-02-06T12:54:00.984Z"
  },
  "__v": 0
},
{
  "_id": {
    "$oid": "65c22be922e354e8cfe9f294"
  },
  "bookName": "new book10",
  "description": "testing a new book",
  "createdOn": {
    "$date": "2024-02-06T12:54:01.619Z"
  },
  "__v": 0
},
{
  "_id": {
    "$oid": "65c22cf922e354e8cfe9f296"
  },
  "bookName": "new book10",
  "description": "testing a new book",
  "createdOn": {
    "$date": "2024-02-06T12:58:33.637Z"
  },
  "__v": 0
},
{
  "_id": {
    "$oid": "65c22d0122e354e8cfe9f298"
  },
  "bookName": "new book10",
  "description": "testing a new book",
  "createdOn": {
    "$date": "2024-02-06T12:58:41.174Z"
  },
  "__v": 0
},
{
  "_id": {
    "$oid": "65c22d0122e354e8cfe9f29a"
  },
  "bookName": "new book10",
  "description": "testing a new book",
  "createdOn": {
    "$date": "2024-02-06T12:58:41.399Z"
  },
  "__v": 0
},
{
  "_id": {
    "$oid": "65c22d0f864591b1d568395e"
  },
  "bookName": "new book10",
  "description": "testing a new book",
  "createdOn": {
    "$date": "2024-02-06T12:58:55.959Z"
  },
  "__v": 0
},
{
  "_id": {
    "$oid": "65c22d10864591b1d5683960"
  },
  "bookName": "new book10",
  "description": "testing a new book",
  "createdOn": {
    "$date": "2024-02-06T12:58:56.151Z"
  },
  "__v": 0
},
{
  "_id": {
    "$oid": "65c22d10864591b1d5683962"
  },
  "bookName": "new book10",
  "description": "testing a new book",
  "createdOn": {
    "$date": "2024-02-06T12:58:56.949Z"
  },
  "__v": 0
},
{
  "_id": {
    "$oid": "65c22d11864591b1d5683964"
  },
  "bookName": "new book10",
  "description": "testing a new book",
  "createdOn": {
    "$date": "2024-02-06T12:58:57.269Z"
  },
  "__v": 0
},
{
  "_id": {
    "$oid": "65c22d11864591b1d5683966"
  },
  "bookName": "new book10",
  "description": "testing a new book",
  "createdOn": {
    "$date": "2024-02-06T12:58:57.419Z"
  },
  "__v": 0
},
{
  "_id": {
    "$oid": "65c22d11864591b1d5683968"
  },
  "bookName": "new book10",
  "description": "testing a new book",
  "createdOn": {
    "$date": "2024-02-06T12:58:57.563Z"
  },
  "__v": 0
},
{
  "_id": {
    "$oid": "65c22d11864591b1d568396a"
  },
  "bookName": "new book10",
  "description": "testing a new book",
  "createdOn": {
    "$date": "2024-02-06T12:58:57.712Z"
  },
  "__v": 0
},
{
  "_id": {
    "$oid": "65c22d11864591b1d568396c"
  },
  "bookName": "new book10",
  "description": "testing a new book",
  "createdOn": {
    "$date": "2024-02-06T12:58:57.845Z"
  },
  "__v": 0
},
{
  "_id": {
    "$oid": "65c22d11864591b1d568396e"
  },
  "bookName": "new book10",
  "description": "testing a new book",
  "createdOn": {
    "$date": "2024-02-06T12:58:57.979Z"
  },
  "__v": 0
},
{
  "_id": {
    "$oid": "65c22d12864591b1d5683970"
  },
  "bookName": "new book10",
  "description": "testing a new book",
  "createdOn": {
    "$date": "2024-02-06T12:58:58.199Z"
  },
  "__v": 0
},
{
  "_id": {
    "$oid": "65c238f553cc88b06d95052e"
  },
  "bookName": "new book10",
  "description": "testing a new book",
  "createdOn": {
    "$date": "2024-02-06T13:49:41.466Z"
  },
  "__v": 0
},
{
  "_id": {
    "$oid": "65c238f553cc88b06d950530"
  },
  "bookName": "new book10",
  "description": "testing a new book",
  "createdOn": {
    "$date": "2024-02-06T13:49:41.671Z"
  },
  "__v": 0
},
{
  "_id": {
    "$oid": "65c238f553cc88b06d950532"
  },
  "bookName": "new book10",
  "description": "testing a new book",
  "createdOn": {
    "$date": "2024-02-06T13:49:41.972Z"
  },
  "__v": 0
},
{
  "_id": {
    "$oid": "65c238f653cc88b06d950534"
  },
  "bookName": "new book10",
  "description": "testing a new book",
  "createdOn": {
    "$date": "2024-02-06T13:49:42.152Z"
  },
  "__v": 0
},
{
  "_id": {
    "$oid": "65c238f653cc88b06d950536"
  },
  "bookName": "new book10",
  "description": "testing a new book",
  "createdOn": {
    "$date": "2024-02-06T13:49:42.348Z"
  },
  "__v": 0
},
{
  "_id": {
    "$oid": "65c238f653cc88b06d950538"
  },
  "bookName": "new book10",
  "description": "testing a new book",
  "createdOn": {
    "$date": "2024-02-06T13:49:42.536Z"
  },
  "__v": 0
},
{
  "_id": {
    "$oid": "65c238f653cc88b06d95053a"
  },
  "bookName": "new book10",
  "description": "testing a new book",
  "createdOn": {
    "$date": "2024-02-06T13:49:42.676Z"
  },
  "__v": 0
},
{
  "_id": {
    "$oid": "65c238f653cc88b06d95053c"
  },
  "bookName": "new book10",
  "description": "testing a new book",
  "createdOn": {
    "$date": "2024-02-06T13:49:42.873Z"
  },
  "__v": 0
},
{
  "_id": {
    "$oid": "65c238f753cc88b06d95053e"
  },
  "bookName": "new book10",
  "description": "testing a new book",
  "createdOn": {
    "$date": "2024-02-06T13:49:43.065Z"
  },
  "__v": 0
},
{
  "_id": {
    "$oid": "65c238f753cc88b06d950540"
  },
  "bookName": "new book10",
  "description": "testing a new book",
  "createdOn": {
    "$date": "2024-02-06T13:49:43.219Z"
  },
  "__v": 0
},
{
  "_id": {
    "$oid": "65c238f753cc88b06d950542"
  },
  "bookName": "new book10",
  "description": "testing a new book",
  "createdOn": {
    "$date": "2024-02-06T13:49:43.374Z"
  },
  "__v": 0
},
{
  "_id": {
    "$oid": "65c238f753cc88b06d950544"
  },
  "bookName": "new book10",
  "description": "testing a new book",
  "createdOn": {
    "$date": "2024-02-06T13:49:43.507Z"
  },
  "__v": 0
},
{
  "_id": {
    "$oid": "65c238f753cc88b06d950546"
  },
  "bookName": "new book10",
  "description": "testing a new book",
  "createdOn": {
    "$date": "2024-02-06T13:49:43.733Z"
  },
  "__v": 0
},
{
  "_id": {
    "$oid": "65c36d93e448cd1a7b7e1d25"
  },
  "bookName": "new book10",
  "description": "testing a new book",
  "createdOn": {
    "$date": "2024-02-07T11:46:27.447Z"
  },
  "__v": 0
},
{
  "_id": {
    "$oid": "65c36e198832ebdf3e8090f2"
  },
  "bookName": "new book10",
  "description": "testing a new book",
  "createdOn": {
    "$date": "2024-02-07T11:48:41.497Z"
  },
  "__v": 0
},
{
  "_id": {
    "$oid": "65c36e1a8832ebdf3e8090f4"
  },
  "bookName": "new book10",
  "description": "testing a new book",
  "createdOn": {
    "$date": "2024-02-07T11:48:42.757Z"
  },
  "__v": 0
},
{
  "_id": {
    "$oid": "65c370c95ab58c76c8765b90"
  },
  "bookName": "new book10",
  "description": "testing a new book",
  "createdOn": {
    "$date": "2024-02-07T12:00:09.172Z"
  },
  "__v": 0
},
{
  "_id": {
    "$oid": "65c370e5c7d8ca66ed5000b4"
  },
  "bookName": "new book10",
  "description": "testing a new book",
  "createdOn": {
    "$date": "2024-02-07T12:00:37.562Z"
  },
  "__v": 0
},
{
  "_id": {
    "$oid": "65c371053fe2ec66ba038f97"
  },
  "bookName": "new book10",
  "description": "testing a new book",
  "createdOn": {
    "$date": "2024-02-07T12:01:09.535Z"
  },
  "__v": 0
},
{
  "_id": {
    "$oid": "65c3711de78cb4d73f4ed582"
  },
  "bookName": "new book10",
  "description": "testing a new book",
  "createdOn": {
    "$date": "2024-02-07T12:01:33.132Z"
  },
  "__v": 0
},
{
  "_id": {
    "$oid": "65c388260f4f67fdbeb813c0"
  },
  "bookName": "another book to test",
  "description": "testing password",
  "createdOn": {
    "$date": "2024-02-07T13:39:50.479Z"
  },
  "__v": 0
},
{
  "_id": {
    "$oid": "65c388490f4f67fdbeb813c3"
  },
  "bookName": "even more another book to test",
  "description": "testing password",
  "createdOn": {
    "$date": "2024-02-07T13:40:25.824Z"
  },
  "__v": 0
},
{
  "_id": {
    "$oid": "65c3884c0f4f67fdbeb813c6"
  },
  "bookName": "even more another book to test",
  "description": "testing password",
  "createdOn": {
    "$date": "2024-02-07T13:40:28.685Z"
  },
  "__v": 0
},
{
  "_id": {
    "$oid": "65c3884d0f4f67fdbeb813c9"
  },
  "bookName": "even more another book to test",
  "description": "testing password",
  "createdOn": {
    "$date": "2024-02-07T13:40:29.189Z"
  },
  "__v": 0
}]